epoch,time,train/box_loss,train/cls_loss,train/dfl_loss,metrics/precision(B),metrics/recall(B),metrics/mAP50(B),metrics/mAP50-95(B),val/box_loss,val/cls_loss,val/dfl_loss,lr/pg0,lr/pg1,lr/pg2
1,68.1088,3.24367,8.65695,1.98318,0,0,0,0,3.15525,7.31761,2.11804,2.499e-05,2.499e-05,2.499e-05
2,129.111,2.98911,5.8719,1.87061,5e-05,0.01136,4e-05,0,2.58685,8.45643,1.71638,5.77327e-05,5.77327e-05,5.77327e-05
3,189.38,2.67349,4.28952,1.64113,0.10592,0.125,0.09434,0.03991,2.39438,7.04116,1.53193,8.98157e-05,8.98157e-05,8.98157e-05
4,247.202,2.48969,3.12397,1.47721,0.26537,0.33036,0.20784,0.10056,2.22655,4.6891,1.39823,0.000121239,0.000121239,0.000121239
5,305.976,2.35259,2.67623,1.46293,0.53093,0.29048,0.26658,0.11299,2.24576,3.53411,1.42738,0.000152003,0.000152003,0.000152003
6,364.663,2.24365,2.20305,1.37057,0.71403,0.34306,0.37898,0.1609,2.19741,3.15193,1.40076,0.000182106,0.000182106,0.000182106
7,429.006,2.25074,2.03227,1.34864,0.60212,0.54801,0.5762,0.23971,2.13986,2.72517,1.38918,0.00021155,0.00021155,0.00021155
8,485.69,2.18587,1.86444,1.3709,0.69547,0.48843,0.55971,0.23908,2.17576,2.41118,1.42062,0.000240335,0.000240335,0.000240335
9,545.517,2.11791,1.86227,1.29722,0.61899,0.5471,0.54058,0.20146,2.29917,2.61381,1.48852,0.000268459,0.000268459,0.000268459
10,609.714,2.03779,1.55349,1.27012,0.7688,0.56332,0.65599,0.26953,2.16883,2.25305,1.41371,0.000295924,0.000295924,0.000295924
11,668.304,2.07701,1.48734,1.35869,0.54869,0.69359,0.70325,0.29037,2.11698,2.15225,1.39341,0.000322729,0.000322729,0.000322729
12,723.534,2.09041,1.44926,1.34779,0.56966,0.64204,0.6605,0.27784,2.09946,1.96563,1.3684,0.000348875,0.000348875,0.000348875
13,777.907,2.01936,1.32598,1.24092,0.69631,0.70701,0.72486,0.30391,2.10305,1.68825,1.36099,0.00037436,0.00037436,0.00037436
14,831.661,1.95042,1.25446,1.23023,0.66774,0.7227,0.7278,0.30661,2.12051,1.62028,1.37178,0.000399186,0.000399186,0.000399186
15,885.157,2.0039,1.24592,1.28582,0.74308,0.64115,0.73876,0.32447,2.09925,1.38631,1.38338,0.000423352,0.000423352,0.000423352
16,942.809,1.99882,1.17879,1.28072,0.76404,0.68632,0.78001,0.33148,2.06351,1.40653,1.36775,0.000446859,0.000446859,0.000446859
17,997.038,1.9197,1.15863,1.26751,0.69529,0.72003,0.76386,0.31972,2.09449,1.43686,1.38135,0.000469705,0.000469705,0.000469705
18,1052.9,1.97005,1.12618,1.2456,0.81655,0.73365,0.76759,0.31578,2.12314,1.31327,1.40097,0.000491892,0.000491892,0.000491892
1,64.379,3.24367,8.65695,1.98318,0,0,0,0,3.15525,7.31761,2.11804,2.499e-05,2.499e-05,2.499e-05
2,120.401,2.98911,5.8719,1.87061,5e-05,0.01136,4e-05,0,2.58685,8.45643,1.71638,5.77327e-05,5.77327e-05,5.77327e-05
3,176.01,2.67349,4.28952,1.64113,0.07735,0.19323,0.10424,0.04585,2.39438,7.04116,1.53193,8.98157e-05,8.98157e-05,8.98157e-05
4,233.444,2.48969,3.12397,1.47721,0.26537,0.33036,0.20784,0.10056,2.22655,4.6891,1.39823,0.000121239,0.000121239,0.000121239
5,288.673,2.35259,2.67623,1.46293,0.50708,0.3204,0.27468,0.1146,2.24576,3.53411,1.42738,0.000152003,0.000152003,0.000152003
6,346.444,2.24365,2.20305,1.37057,0.71403,0.34306,0.37898,0.1609,2.19741,3.15193,1.40076,0.000182106,0.000182106,0.000182106
7,401.214,2.25074,2.03227,1.34864,0.60212,0.54801,0.5762,0.23971,2.13986,2.72517,1.38918,0.00021155,0.00021155,0.00021155
8,460.207,2.18587,1.86444,1.3709,0.69547,0.48843,0.55971,0.23908,2.17576,2.41118,1.42062,0.000240335,0.000240335,0.000240335
9,517.451,2.11791,1.86227,1.29722,0.61899,0.5471,0.54058,0.20146,2.29917,2.61381,1.48852,0.000268459,0.000268459,0.000268459
10,575.773,2.03779,1.55349,1.27012,0.7688,0.56332,0.65599,0.26953,2.16883,2.25305,1.41371,0.000295924,0.000295924,0.000295924
11,637.433,2.07701,1.48734,1.35869,0.54869,0.69359,0.70325,0.29037,2.11698,2.15225,1.39341,0.000322729,0.000322729,0.000322729
12,698.229,2.09041,1.44926,1.34779,0.56966,0.64204,0.6605,0.27784,2.09946,1.96563,1.3684,0.000348875,0.000348875,0.000348875
13,759.618,2.01936,1.32598,1.24092,0.69631,0.70701,0.72486,0.30391,2.10305,1.68825,1.36099,0.00037436,0.00037436,0.00037436
14,819.818,1.95042,1.25446,1.23023,0.66774,0.7227,0.7278,0.30661,2.12051,1.62028,1.37178,0.000399186,0.000399186,0.000399186
15,877.177,2.0039,1.24592,1.28582,0.74308,0.64115,0.73876,0.32447,2.09925,1.38631,1.38338,0.000423352,0.000423352,0.000423352
16,934.632,1.99882,1.17879,1.28072,0.76404,0.68632,0.78001,0.33148,2.06351,1.40653,1.36775,0.000446859,0.000446859,0.000446859
17,996.394,1.9197,1.15863,1.26751,0.69529,0.72003,0.76386,0.31972,2.09449,1.43686,1.38135,0.000469705,0.000469705,0.000469705
18,1051.43,1.97005,1.12618,1.2456,0.81655,0.73365,0.76759,0.31578,2.12314,1.31327,1.40097,0.000491892,0.000491892,0.000491892
19,1105.97,1.95076,1.10049,1.30043,0.74351,0.75266,0.7684,0.32586,2.12971,1.23263,1.4094,0.00051342,0.00051342,0.00051342
20,1160.97,1.95581,1.09438,1.2459,0.77758,0.72597,0.77545,0.32629,2.15829,1.27001,1.42644,0.000534287,0.000534287,0.000534287
21,1214.89,1.84332,1.00204,1.22544,0.84962,0.72867,0.75742,0.31031,2.19078,1.23227,1.45173,0.000554495,0.000554495,0.000554495
22,1270.63,1.88762,1.0502,1.25956,0.82743,0.71459,0.7639,0.31746,2.1909,1.20178,1.4452,0.000574043,0.000574043,0.000574043
23,1324.18,1.83519,0.9594,1.25772,0.77027,0.73548,0.74213,0.32445,2.14166,1.17184,1.41463,0.000592931,0.000592931,0.000592931
24,1374.89,1.82576,0.95229,1.22703,0.74241,0.73692,0.7431,0.30666,2.19263,1.18096,1.44672,0.00061116,0.00061116,0.00061116
25,1425.54,1.86225,0.97652,1.24377,0.78189,0.72414,0.77757,0.31393,2.20787,1.11173,1.45207,0.000628728,0.000628728,0.000628728
26,1477.33,1.7886,0.96654,1.2375,0.79383,0.76338,0.79752,0.30128,2.20875,1.09839,1.44687,0.000626832,0.000626832,0.000626832
27,1531.96,1.77836,0.93835,1.18651,0.81684,0.78034,0.79692,0.32206,2.16642,1.0688,1.41431,0.000618586,0.000618586,0.000618586
28,1587.47,1.81524,0.93319,1.19296,0.77479,0.8034,0.80488,0.31777,2.2005,1.0743,1.43952,0.000610339,0.000610339,0.000610339
29,1647.17,1.86285,0.99685,1.19255,0.85994,0.74416,0.80276,0.32539,2.21366,1.07604,1.45185,0.000602092,0.000602092,0.000602092
30,1706.85,1.75385,0.90911,1.13667,0.86933,0.77187,0.81852,0.33331,2.16956,1.04762,1.42118,0.000593846,0.000593846,0.000593846
31,1763.24,1.7716,0.92654,1.18769,0.82261,0.73614,0.77588,0.32672,2.21462,1.08674,1.45253,0.000585599,0.000585599,0.000585599
32,1820.93,1.73053,0.93548,1.17527,0.75151,0.67897,0.7029,0.28083,2.35328,1.1661,1.54014,0.000577352,0.000577352,0.000577352
33,1879.57,1.75384,0.90136,1.18775,0.7927,0.65462,0.73238,0.29652,2.27537,1.1153,1.50734,0.000569106,0.000569106,0.000569106
34,1933.38,1.72367,0.91495,1.19114,0.74839,0.78728,0.76079,0.32524,2.16946,1.02823,1.45493,0.000560859,0.000560859,0.000560859
35,1993.01,1.72946,0.89188,1.15134,0.79697,0.80072,0.79487,0.33006,2.17762,0.97772,1.45742,0.000552612,0.000552612,0.000552612
36,2049.21,1.68275,0.85142,1.15019,0.80314,0.7813,0.78975,0.31666,2.25965,0.98362,1.4928,0.000544365,0.000544365,0.000544365
37,2103.58,1.71643,0.87504,1.20226,0.73375,0.71409,0.71799,0.28267,2.38188,1.02968,1.56993,0.000536119,0.000536119,0.000536119
38,2158.89,1.69874,0.84855,1.14961,0.76091,0.75641,0.74144,0.29191,2.35535,1.01981,1.55605,0.000527872,0.000527872,0.000527872
39,2217.68,1.72271,0.85825,1.17641,0.80289,0.79457,0.78294,0.30933,2.26276,1.01545,1.49966,0.000519625,0.000519625,0.000519625
40,2274.34,1.68504,0.83456,1.1377,0.82151,0.82739,0.80746,0.31327,2.22346,0.98528,1.47085,0.000511379,0.000511379,0.000511379
41,2331.07,1.75758,0.85545,1.17507,0.83288,0.78833,0.79115,0.30422,2.22569,0.96794,1.47058,0.000503132,0.000503132,0.000503132
42,2383.51,1.69954,0.8238,1.15328,0.81327,0.78013,0.80059,0.30509,2.23067,0.96545,1.47088,0.000494885,0.000494885,0.000494885
43,2438.45,1.63227,0.82081,1.18395,0.75785,0.76066,0.73742,0.28724,2.2903,0.96595,1.51082,0.000486639,0.000486639,0.000486639
44,2494.15,1.65052,0.80087,1.1713,0.78779,0.81404,0.80374,0.30828,2.25517,0.96418,1.48465,0.000478392,0.000478392,0.000478392
45,2552.34,1.6922,0.81682,1.23454,0.82553,0.82817,0.83165,0.33883,2.17258,0.94612,1.42562,0.000470145,0.000470145,0.000470145
46,2610.49,1.67374,0.81098,1.20525,0.81133,0.80792,0.81242,0.33859,2.16166,0.94688,1.41695,0.000461898,0.000461898,0.000461898
47,2665.53,1.59088,0.80781,1.11393,0.80436,0.80931,0.79477,0.31175,2.21315,0.94977,1.4537,0.000453652,0.000453652,0.000453652
48,2721.33,1.74286,0.84101,1.12751,0.80247,0.82045,0.80927,0.32787,2.20794,0.93076,1.44499,0.000445405,0.000445405,0.000445405
49,2775.59,1.62585,0.81931,1.14916,0.77416,0.84128,0.83136,0.33101,2.19476,0.91653,1.42331,0.000437158,0.000437158,0.000437158
50,2830.74,1.55857,0.79232,1.07737,0.76948,0.83656,0.82175,0.32544,2.21201,0.91524,1.43191,0.000428912,0.000428912,0.000428912
51,2887.83,1.67542,0.8632,1.23962,0.81454,0.80368,0.78814,0.29278,2.27016,0.92182,1.47653,0.000420665,0.000420665,0.000420665
52,2944.68,1.67601,0.8232,1.18098,0.80292,0.78944,0.77821,0.28572,2.30935,0.9607,1.50927,0.000412418,0.000412418,0.000412418
53,2999.79,1.65986,0.84329,1.22783,0.80523,0.79589,0.77488,0.29289,2.29918,0.96585,1.51279,0.000404172,0.000404172,0.000404172
54,3056.54,1.55294,0.77511,1.17792,0.79224,0.79458,0.77673,0.31208,2.24003,0.91432,1.47495,0.000395925,0.000395925,0.000395925
55,3109.68,1.59642,0.76963,1.18593,0.79739,0.82477,0.78535,0.32089,2.23675,0.91252,1.4715,0.000387678,0.000387678,0.000387678
56,3162.92,1.53904,0.75788,1.20642,0.79321,0.82358,0.78611,0.31906,2.2814,0.91572,1.50375,0.000379431,0.000379431,0.000379431
57,3218.86,1.56434,0.74603,1.2156,0.80381,0.79881,0.78495,0.31611,2.26892,0.91345,1.48958,0.000371185,0.000371185,0.000371185
58,3273.39,1.48172,0.73658,1.17803,0.8087,0.8017,0.78842,0.312,2.28569,0.93072,1.50014,0.000362938,0.000362938,0.000362938
59,3328.92,1.55288,0.74994,1.18558,0.83626,0.8123,0.80627,0.32325,2.26978,0.91717,1.49139,0.000354691,0.000354691,0.000354691
60,3387.92,1.55731,0.747,1.13242,0.83059,0.80162,0.8048,0.32263,2.27463,0.90219,1.49546,0.000346445,0.000346445,0.000346445
61,3443.58,1.45801,0.71504,1.1272,0.82442,0.81581,0.81094,0.32015,2.28449,0.90833,1.50293,0.000338198,0.000338198,0.000338198
62,3497.48,1.49992,0.70642,1.18572,0.83349,0.80857,0.79132,0.31412,2.28551,0.92038,1.50524,0.000329951,0.000329951,0.000329951
63,3549.9,1.55864,0.73475,1.16319,0.84561,0.82024,0.79177,0.31217,2.26613,0.91218,1.49576,0.000321705,0.000321705,0.000321705
64,3601.2,1.4217,0.70753,1.14927,0.86253,0.81926,0.80448,0.32214,2.25945,0.90525,1.4881,0.000313458,0.000313458,0.000313458
65,3660.59,1.41692,0.6746,1.11644,0.86342,0.81189,0.80753,0.32442,2.24071,0.89437,1.4823,0.000305211,0.000305211,0.000305211
66,3718.25,1.47193,0.7372,1.1829,0.82737,0.8202,0.80336,0.32061,2.25098,0.90212,1.49619,0.000296964,0.000296964,0.000296964
67,3770.95,1.47192,0.70077,1.10381,0.84293,0.80137,0.81104,0.30844,2.29013,0.91569,1.52762,0.000288718,0.000288718,0.000288718
68,3825.89,1.34374,0.69769,1.14915,0.83786,0.80892,0.80196,0.29936,2.287,0.92277,1.52863,0.000280471,0.000280471,0.000280471
69,3881.29,1.42368,0.69868,1.16254,0.80364,0.83918,0.80248,0.30574,2.27039,0.91376,1.52456,0.000272224,0.000272224,0.000272224
70,3944.27,1.38739,0.67939,1.08839,0.81112,0.81359,0.79554,0.30559,2.28891,0.91522,1.53585,0.000263978,0.000263978,0.000263978
71,4004.71,1.41151,0.70089,1.15797,0.79115,0.76942,0.75824,0.28812,2.31323,0.92364,1.54601,0.000255731,0.000255731,0.000255731
72,4063.73,1.43515,0.66938,1.08468,0.82753,0.78861,0.78153,0.29122,2.32551,0.92483,1.56138,0.000247484,0.000247484,0.000247484
73,4118.22,1.35691,0.65453,1.10306,0.84407,0.80221,0.79805,0.29301,2.31284,0.90174,1.56048,0.000239238,0.000239238,0.000239238
74,4171.44,1.39483,0.67741,1.12952,0.82427,0.81477,0.80882,0.3031,2.27948,0.88629,1.53778,0.000230991,0.000230991,0.000230991
75,4224.44,1.42868,0.67793,1.13316,0.80065,0.81667,0.7841,0.30646,2.2576,0.88472,1.52357,0.000222744,0.000222744,0.000222744
76,4278.66,1.4413,0.67693,1.1299,0.80466,0.8207,0.78446,0.30612,2.2645,0.90312,1.52784,0.000214497,0.000214497,0.000214497
77,4331.68,1.45568,0.69354,1.07416,0.8125,0.83459,0.80989,0.3037,2.28524,0.92462,1.53995,0.000206251,0.000206251,0.000206251
78,4386.18,1.40959,0.65387,1.15913,0.75691,0.80617,0.76809,0.29811,2.31143,0.94863,1.55576,0.000198004,0.000198004,0.000198004
79,4443.19,1.38731,0.68399,1.09862,0.75965,0.79209,0.75441,0.30091,2.31109,0.94441,1.55936,0.000189757,0.000189757,0.000189757
80,4494.8,1.36307,0.6436,1.14272,0.82065,0.79969,0.78178,0.30676,2.30646,0.93245,1.55758,0.000181511,0.000181511,0.000181511
81,4549.66,1.30846,0.63896,1.08352,0.81634,0.7847,0.76301,0.30964,2.30686,0.92695,1.55956,0.000173264,0.000173264,0.000173264
82,4597.95,1.35211,0.6511,1.09002,0.81459,0.78689,0.76731,0.30971,2.29856,0.91658,1.55522,0.000165017,0.000165017,0.000165017
83,4646.54,1.30675,0.63276,1.10007,0.80829,0.80192,0.78496,0.30923,2.2906,0.91082,1.55013,0.000156771,0.000156771,0.000156771
84,4698.29,1.32464,0.63233,1.06647,0.81785,0.80197,0.78258,0.3118,2.28372,0.90681,1.54467,0.000148524,0.000148524,0.000148524
85,4751.9,1.30322,0.64167,1.13597,0.83506,0.81288,0.79807,0.31418,2.27274,0.89681,1.53751,0.000140277,0.000140277,0.000140277
86,4804.02,1.36125,0.65721,1.07581,0.83402,0.81322,0.79687,0.32052,2.27187,0.89154,1.54075,0.000132031,0.000132031,0.000132031
87,4855.96,1.31124,0.62801,1.0907,0.83083,0.81303,0.79388,0.32231,2.27242,0.88669,1.54474,0.000123784,0.000123784,0.000123784
88,4911.1,1.4188,0.66199,1.07638,0.82864,0.81236,0.79837,0.32394,2.27273,0.88463,1.54768,0.000115537,0.000115537,0.000115537
89,4967.3,1.29974,0.62685,1.08851,0.81494,0.81266,0.80006,0.31987,2.27689,0.88392,1.5519,0.00010729,0.00010729,0.00010729
90,5021.51,1.33653,0.65011,1.07711,0.80305,0.82067,0.79624,0.31804,2.28248,0.88844,1.5563,9.90437e-05,9.90437e-05,9.90437e-05
91,5073.34,1.26518,0.61964,1.06816,0.81842,0.82184,0.80268,0.31683,2.2852,0.88945,1.5579,9.0797e-05,9.0797e-05,9.0797e-05
92,5126.44,1.23332,0.62091,1.09762,0.81002,0.82302,0.80538,0.31676,2.28078,0.88997,1.55226,8.25503e-05,8.25503e-05,8.25503e-05
93,5176.9,1.3142,0.65013,1.09591,0.82213,0.82039,0.80595,0.31444,2.27661,0.89285,1.548,7.43036e-05,7.43036e-05,7.43036e-05
94,5232.79,1.26507,0.62836,1.07217,0.79862,0.84146,0.80778,0.31553,2.27852,0.89766,1.55086,6.60569e-05,6.60569e-05,6.60569e-05
95,5282.62,1.35775,0.63816,1.07569,0.8025,0.84216,0.80819,0.31278,2.28371,0.89816,1.55431,5.78102e-05,5.78102e-05,5.78102e-05
96,5336.22,1.28816,0.61712,1.07132,0.81612,0.85299,0.82196,0.31691,2.28774,0.89805,1.55745,4.95635e-05,4.95635e-05,4.95635e-05
97,5400.89,1.23616,0.60595,1.06296,0.8142,0.84588,0.82295,0.31697,2.28926,0.89482,1.5596,4.13168e-05,4.13168e-05,4.13168e-05
98,5458.96,1.23592,0.60943,1.01285,0.80828,0.84189,0.80884,0.31787,2.28707,0.894,1.56093,3.30701e-05,3.30701e-05,3.30701e-05
99,5508.88,1.28178,0.61849,1.03068,0.80361,0.84443,0.80813,0.31943,2.28733,0.8942,1.56268,2.48234e-05,2.48234e-05,2.48234e-05
100,5558.67,1.19986,0.58972,1.04043,0.81129,0.85347,0.81403,0.31824,2.28747,0.89399,1.5627,1.65767e-05,1.65767e-05,1.65767e-05
